CID,BATCH,CNAME,FNAME,HPW,isDept,subject,isLab
UMA237,3a,Discrete Mathematics,Mr.Pawan,8,0,math,0
UCS2301,3a,Digital Principles and System Design,Mr.Raghunandan,5,1,comp,0
UCS2302,3a,Data Structures,Mr.Sunil,7,1,comp,0
UCS2303,3a,Object Oriented Programming,Dr.DeviPrasad,3,1,comp,0
UCS2311,3a,Digital Design Lab,Mr.Chandra,3,1,comp,1
UCS2313,3a,Object Oriented Programming Lab,Mrs.Shruthi,3,1,comp,1
UMA237,3b,Discrete Mathematics,Mr.Pawan,8,0,math,0
UCS2301,3b,Digital Principles and System Design,Mrs.Minu,5,1,comp,0
UCS2302,3b,Data Structures,Dr.Sreekantha,7,1,comp,0
UCS2303,3b,Object Oriented Programming,Mr.Vijay,3,1,comp,0
UCS2311,3b,Digital Design Lab,Dr.Uday,3,1,comp,1
UCS2313,3b,Object Oriented Programming Lab,Mr.Roshan,3,1,comp,1
UCS1501,5a,Theory of Computation,Mr.Raghunandan,5,1,comp,0
UCS1502,5a,Artificial Intelligence,Dr.Sreekantha,4,1,comp,0
UCS1503,5a,Introduction to Cryptographic Techniques,Dr.Uday,4,1,comp,0
UCS1511,5a,Networks Lab,Mr.Chandra,3,1,comp,1
UCS1512,5a,Microprocessors Lab,Mrs.Shruthi,3,1,comp,1
UCS1501,5b,Theory of Computation,Mr.Sunil,5,1,comp,0
UCS1502,5b,Artificial Intelligence,Dr.Sreekantha,4,1,comp,0
UCS1503,5b,Introduction to Cryptographic Techniques,Mr.Vijay,4,1,comp,0
UCS1511,5b,Networks Lab,Dr.DeviPrasad,3,1,comp,1
UCS1512,5b,Microprocessors Lab,Mr.Roshan,3,1,comp,1
UCS1701,7a,Distributed Systems,Mr.Raghunandan,3,1,comp,0
UCS1702,7a,Computer Graphics and Multimedia,Mrs.Minu,3,1,comp,0
UCS1702,7a,Mobile Computing ,Mr.Vijay,3,1,comp,0
UCS1712,7a,Graphics and Multimedia,Mr.Chandra,3,1,comp,1
UCS1701,7b,Distributed Systems,Mr.Raghunandan,3,1,comp,0
UCS1702,7b,Computer Graphics and Multimedia,Dr.DeviPrasad,3,1,comp,0
UCS1702,7b,Mobile Computing ,Mr.Roshan,3,1,comp,0
UCS1712,7b,Graphics and Multimedia,Dr.Uday,3,1,comp,1
